peak_acc,mean_acc,std_acc,acc_range,jerk_mean,gyro_mean,gyro_std,gyro_range,energy_acc,energy_gyro,label
8.173439510684403,11.031621056242644,0.9302782502611596,3.8135096360006386,0.7555353643797018,0.20924363379584018,0.1437255476350812,0.8798272228704141,919.6554776511574,55.77453279763474,0
10.560311583210582,10.190911435888657,0.7330997528318104,3.2320499373576363,0.6339345097660077,0.2203104744529523,0.1863638215126165,0.654851237369307,949.2451264008149,29.299152336738473,0
30.85843916254647,15.864525901268312,3.8271982626035355,14.14117829699714,7.043103711825448,4.10119716001563,1.5944995681855776,6.009703036293241,5787.024684587499,817.555850995106,3
19.187410600312226,8.846609886396285,2.416764480804462,3.3960391248399606,2.851107472317619,0.7592652499646069,0.33257963165821663,1.7033625958592722,1955.0621785219023,115.23843001427983,1
35.01973228658897,14.22015258688111,3.121676922820261,15.896481296419184,5.382264946554514,3.183259750564562,2.3656901262874963,6.0492679454435,4755.619736626364,962.2219982286391,3
14.018950197500097,9.804269534980245,2.087903176859273,5.424043092071472,1.2813279661650938,0.5503037425225016,0.19917100889394965,1.7030676114251913,1462.9640044222233,61.45250607641862,2
13.606875359370541,9.772392184863008,1.7232058791460028,6.395060627023743,2.8036727880099965,0.6934598320676177,0.3423599065593461,1.1796591235262421,1621.7119411553047,99.35386343530867,1
13.832174460722749,11.829176132582415,2.404461972098939,6.9255089243650465,1.167271116707822,0.31801134222914323,0.3715427138913415,1.593254931303714,1550.0001041204553,81.66111029146766,2
16.888157003741682,10.675168616491378,1.9721154611711469,7.3667198395583116,2.3365906756349792,0.7457752797914863,0.41398785611290456,1.894474336075214,1652.0643677542441,94.4647782825832,1
23.53125415317199,14.338421551344885,4.8764556455029355,22.10794505327893,5.903723758066771,2.021683984355549,2.614607392148525,5.65553249312672,3787.7457215841027,675.3011933520804,3
11.855979756839332,10.211030079997245,1.1264822607863272,3.2240924818104166,0.6228333400086851,0.09618754648221459,0.18725113912895724,0.7930023019006077,928.5865390724905,33.2360769794073,0
15.209817859932375,12.171630977355818,1.3656699484459258,8.17274884483939,1.7886250020504575,0.43320494613387545,0.09298994466619367,1.1287811266575822,1236.25698494327,71.5863068690722,2
19.00971109292204,10.647792463116579,1.3404823859365376,4.010928470876943,2.0813042653284137,0.7495288160198712,0.12481577829103559,1.1396256385323051,1279.7996798356005,57.305260338013966,2
20.728083098451382,14.180626814741006,5.418531345148036,11.692014071236011,5.509474023585343,3.8547034669552134,2.266679622352725,9.172331600785567,5054.2860673899495,562.1633924065477,3
20.182888630910938,10.398632356048786,1.9969645442300534,11.026774495053246,1.7178762006713058,0.8873119608315336,0.3871297297457244,1.451960161330008,1512.7228218946864,113.77826742949286,1
22.513305211078137,16.683967390904254,4.603247500571394,15.922414512695493,5.283531626093993,2.574836358912628,2.204026423418378,6.82814465336449,4080.2700743465575,1003.0588643248935,3
19.94158781910822,11.45353430151398,3.289854668827159,9.981452273699905,1.7084612807155308,0.7704794827402663,0.40299608175811613,1.4090460651497174,1657.4248330403648,87.88103291391728,1
29.286372845356954,11.496342386496561,5.941217436463749,25.813036550106272,3.994911841686104,3.041328781480864,1.371065922045556,8.035226503867314,3917.230702655726,972.6231255489047,3
10.796586775541206,9.024668284466934,0.6539266736565728,2.9877532271530853,0.26334829746684496,0.3638592458777374,0.11537676851425904,0.8391690510195363,765.5549488965723,34.44800473306802,0
18.597779468550673,10.651764934088316,1.467822237377374,5.874843045314459,0.9973972422882974,0.7272646323307926,0.27670879732548276,1.1921402074063059,1491.4883551414262,55.72122309966647,2
17.757850259674253,11.440474737960399,1.9505551734044286,7.3693606117298165,3.0030464440795615,0.5980538590580126,0.49389289990582846,1.2744092004783543,1525.9977940235744,111.40300476632855,1
20.685579660083196,11.61277390506257,1.6490041560966222,7.056362314738257,1.2890946666290781,0.9392774894913432,0.31226703159947955,1.7017721103608192,1653.4253302022967,58.58247695863001,1
8.550164334973935,9.703819517609439,0.736946151071931,4.305478807154329,0.5664628023959183,0.2423228669431667,0.32228759898084136,0.7924730595150303,1003.1844539468635,39.047044676130476,0
11.560656224324976,10.112833673882504,0.8227034690502496,2.160278157819224,0.4744164817038467,0.3338496407494414,0.23608360320216176,0.8355402001866508,1152.6932425873622,47.85800158650832,0
23.207891409495748,11.150418905143576,1.852525160853986,7.0207052396867615,1.6782408848099286,0.7834638628314602,0.28195200864093745,1.3394015442138232,1546.2938704188336,53.97884531694522,1
12.183521553071005,9.667671583381022,0.8139604169980038,5.189802933217672,1.1157761616910475,0.15214137542201583,0.24678391965737306,0.7851133141799908,898.3577103927248,24.16097176514277,0
15.74194561766876,11.412119230817014,1.3715785281403805,7.669032562484888,1.0049350310690808,0.6383075633511476,0.17413215966206394,1.042105567708667,1522.6447118797307,54.15163535859621,2
15.638703323211205,9.778358756513992,1.7236384833090805,4.50290905902838,1.5707283488557593,0.7452276990799291,0.2995769156772909,1.4727451062964918,1884.7460595164894,63.63645499902935,2
11.548447399026928,9.345306272602631,0.4265469614816504,3.5951570254369134,0.8510681684886409,0.3543360192379935,0.2235734178567998,0.45796632146867494,1040.934744018558,29.7348470058894,0
19.84055391819125,10.935861653407008,2.481939558397455,4.580610514317785,1.889373188207114,0.7022301156427452,0.3067855510527403,1.610186194020402,1580.2823735431477,112.01919269997143,1
9.150503627573087,9.09907446860386,0.47745682576206966,5.092387275685461,0.694314190190871,0.3570598668593159,0.2672710023077489,0.948652818804543,863.7161439560341,32.99879185060827,0
30.33417721204755,11.233699583882832,3.054493120057269,23.95645243331316,5.927867239003841,3.805706669178528,2.1663037551620987,8.424186706148351,5068.439281838228,835.9404390926716,3
28.896865617163172,13.794358688432077,5.058728529883879,22.9200022908766,8.382940392065393,2.1380991384121932,1.982496194996882,8.33611961193364,3402.605496589196,421.9391265061124,3
11.723471397657631,9.58967733861732,0.9121569052736469,2.43981895980303,0.38012499540924544,0.49094166404701306,0.15389173379111873,1.0098018451673778,848.3955271782626,36.06661187672639,0
16.548342497837034,10.942381202966414,2.139497081111901,6.389550591290664,2.134296139431629,0.9261623369109555,0.22482089499048155,1.55714990393372,1456.169336151516,77.58304803497768,1
12.592240554129152,9.358071281899434,0.9799199750866502,1.286865470909122,0.29255076913470873,0.2730125064706629,0.21630665111210592,0.792088969228669,883.2881919683145,57.976865268495224,0
17.539427874427854,9.213871178305553,2.0717493131826012,5.460347031316371,1.4076534504620923,0.8196265858128656,0.2779720037839755,1.135955061876155,1231.4288525378727,88.95560016482003,2
22.658073723600438,15.722834634546206,3.3230048615414685,22.245483859492534,2.201630872170472,1.9020275616927191,1.6045503091662234,8.615225336378392,4910.891571384877,835.5943691015883,3
16.51873025051606,10.719324923133225,2.0708584568199524,6.581352645696268,2.3241402169219296,0.7928717035405033,0.267767953078866,1.1039932466337883,1879.1367621579914,82.22963093822229,1
12.135056409375848,10.50139715546805,0.9372520380749028,2.1817793167665274,0.4502071703041853,0.23373762410541532,0.2941012248237517,0.5303629155788574,1129.8898123619251,41.32969674146876,0
15.338712896723473,10.317120067727986,1.6253121055837618,7.258410750704419,1.7205905100958092,0.6128839509439995,0.19126609609772033,1.356377004207759,1486.7720109203694,67.36654081751176,2
13.270823529047252,9.559949117405706,1.6150133844706793,8.868639822478547,2.2931820093775466,0.8603583799638932,0.3985729995679863,1.6503282509819535,1426.7650303571,89.41474372630043,1
23.182629510302135,12.633431532301096,1.907356170561146,7.12894882962024,1.477595402989483,0.7255586447857895,0.48732977762175456,1.2193683893866214,1633.7309343933455,131.48165339499946,1
17.888333290470474,9.665974505081795,3.2464997587163955,5.644569260495787,3.279099642834126,0.21572990330107855,0.25250963433774753,1.5345078237442251,1601.2844539621876,105.08582659627149,1
16.278899988184264,12.18703030556038,2.154910355113514,8.059385508713461,2.536253668654901,0.9164195406937232,0.1561722021682633,1.4221359967248248,1615.3703765917537,104.95820512235068,1
17.227870387729965,11.321357215450274,1.7212541074960832,10.061501664687395,2.1537033489045503,0.8281772493822408,0.34847328172944747,1.4329602052884443,1741.6428846513115,65.40900811095166,1
26.62980319656894,16.903099541148087,5.0074439731951985,12.536703378338245,6.86061663150662,3.5431575902097863,1.8304388603649806,7.084303227635021,5490.123006009599,1149.9009801412317,3
21.090850362095527,10.01751260646169,1.0818973134483518,9.603482578797596,1.2908171335334842,0.8352883110554451,0.2535382702701607,1.407237276885041,1438.0792960156707,104.50191573695994,1
13.645089824206378,9.340287882883098,1.2287888178650652,3.9751197334177513,0.8004714104192057,0.23481638921978407,0.14939478123699163,1.0058311274651288,896.5315112613218,44.40014450053332,0
16.34908453846374,12.642015160136369,2.613834496236646,5.846979198546562,2.282754822815772,0.7547042216196946,0.3338483843461691,1.6533607798574943,1800.1164636085957,78.08677411913015,1
19.800234885690088,15.940088374736405,4.771920154836675,24.51387421908929,4.2884872353708925,3.2505057120105243,1.4429767749190034,7.636993675728665,5162.583752147698,1082.6947464034813,3
13.295377076201385,9.628642741736616,1.0166102486350554,3.7472936051232617,0.5010487399436366,0.16014324261808585,0.243480296005283,0.6591312618914482,909.6120776940984,40.28744822934817,0
22.721960289870097,11.964087168288358,2.8195584027220337,6.32582805776392,2.14128997524415,0.48105938654664093,0.2596351536758003,1.0151068174690236,1672.3007050412202,59.94059343209693,1
11.928347921780096,9.761449145292948,1.032632750430992,4.451143607795042,0.19696178756028956,0.33269273737641625,0.18286562029598258,0.9264815478111043,762.0680771985473,48.406435489887244,0
16.69344234489548,11.127683430318418,1.5409832777459362,7.168404755268171,1.9678359969711094,1.0477888503905115,0.3131245349900415,1.0735633239345157,1552.1284348131778,81.17507969315922,2
14.354708777311858,10.51670919063677,1.2195297239793765,7.0253539848007165,1.473128683980258,0.8806447763057673,0.29086336708220756,1.0835486077204592,1201.1246972487463,77.00006472949121,2
10.79872262016239,9.849825682543822,0.6569392581480064,3.624119817052155,0.7116848973699176,0.3259722501721482,0.20278624561443473,0.6920480639381278,857.9813182904143,55.65524029234341,0
29.81403485021787,11.537597393110149,2.9291475813155614,24.359355912722734,6.783375954026668,2.9172550205677727,1.8820150063945142,3.963024271222724,5328.870120837005,1077.5007934828118,3
14.263217172277354,10.631808672989214,1.8423577812460938,7.048242630303802,2.1998335616821683,0.49356302178762407,0.3947445079786488,1.3037163750904777,1453.2124079744772,84.94855765869171,2
11.078722458080424,9.181524644560959,0.7050109377678088,1.5519156585026759,0.5733196492193696,0.357707212718054,0.06515566785292141,0.8373533528954157,928.9168643907818,24.74474829075261,0
26.147354551658402,13.775666165690359,4.757495149337485,14.383726841055998,5.884168432165431,1.0053833437359379,2.175739950176101,11.406345219836076,4715.435802064587,944.8469489070584,3
24.544468157640935,11.929919504935281,2.7929783521427844,25.890168707159233,6.767249363042792,4.007386591829439,2.436098500036489,8.015760369389456,4185.557794350879,486.98339074873587,3
19.482090558848217,10.361038252310498,1.0031321787142722,8.082925456409576,2.1203765897442843,0.6244034826486878,0.3194384301577336,1.3037772950617728,1361.272633648704,71.88535398274762,1
19.401646489596626,10.484591696212485,2.097676788599975,6.686659299227829,1.408243702372789,0.6551222498211456,0.25670613023434885,0.9352731032358499,1391.198506974661,67.07954055824978,2
17.785196221757808,11.10537550614596,2.194289302265482,7.919944285878233,1.7240709270537766,0.5855721976028786,0.3586693801475275,0.9374482591062766,1709.25684960074,106.00819050455365,1
11.981100339077564,10.064708798308645,1.299836906412113,5.518998561664213,1.8275110575019442,0.6722799092577737,0.30212175930716045,0.9953928335144996,1378.9821351568555,61.969973694756646,2
13.223352577681736,9.916126848580502,1.0064930521102293,2.8400614700365727,0.6008093031035688,0.3254420843301213,0.1446737045629165,1.010728359321568,1018.9016531107552,54.437646040732595,0
9.175392597329417,10.175966516343388,0.8163748278772646,2.8698569456323155,0.5135036962820217,0.3751387123371789,0.21119420121395657,0.7886108752557865,1006.5480375065351,41.94089992898308,0
15.66430209453424,9.493937712868307,1.927860730367591,3.43896306361058,1.5151751341790407,0.6976704362735485,0.15139813481851927,1.3136852280352835,1240.3974339889776,61.44472950379479,2
34.939746303347235,12.922912358312056,4.367619840209711,15.62475436772518,1.605826964996598,1.5279378043953977,2.0746817411355947,6.615499341468207,4207.595250411788,783.8703394892099,3
11.344675706804464,9.177130610644006,0.969920419404205,4.831458765854354,0.32774315973434726,0.33336621052869486,0.2307967803472132,0.5446502848359381,1016.9295590445673,33.180157520022014,0
18.6505247687472,10.216767431247181,1.3155312282876874,7.335574745279679,1.5901231688163766,0.5373949779592373,0.38599658996611047,1.6967652779248603,1356.1908837124968,83.14070188794692,2
24.23024395068252,9.429499396376823,2.478351158397292,5.788570153993323,1.8001819071926988,0.8123359699695943,0.3324359281721603,1.7280167891068807,1481.507148169421,107.24786944765518,1
16.533234268432345,11.814138362604771,1.988962511152151,10.664877834008042,2.0361844207161393,0.4761884205031567,0.23523797138753202,1.4612721185211883,1080.2756599760387,81.25868751282648,2
11.531726086101639,10.00202542840727,0.6124349920169755,3.117327383308782,0.6245699864694998,0.2512874616235304,0.29383979062790333,0.921201990269128,869.082787653136,40.46436548156149,0
18.782021297471722,9.6769102065925,2.187028284923786,8.518310320605293,3.300841557090197,0.634623929192028,0.26468337071893117,0.950810130943063,1783.8308347220002,76.9246732270236,1
14.093188053584464,10.369765675142165,2.0418061305421467,8.692817033868483,2.115172767365021,0.682089719606695,0.15898514636601466,1.583091931169529,1285.5995885472073,75.3768042731443,2
17.923337787025662,10.311849654822277,2.836286193418852,5.907511103495034,2.376670810552266,0.9827169252466499,0.3168460976269614,1.4587654456116925,1878.4930600128657,47.28651572042608,1
23.051783074373606,10.702436496640008,1.8104361295062565,7.3211479620997295,2.331440634333706,0.7944970189898728,0.3024219456672758,1.4686652344387585,1574.2924977122138,96.16101079008205,1
22.429621049177687,12.594505063224972,2.116892955895374,4.266242603169157,2.619141535716818,0.9532160556769381,0.4187386051564751,1.556874484979623,1793.8914401053473,112.52100501544336,1
27.625455245043316,12.676432312175272,5.183493666889928,13.272503498316794,4.9875989718141716,3.9766570390504383,2.017013705536116,5.128180952262945,3704.9098601321175,616.9465616151625,3
21.922615698092628,14.611461736042962,2.343376792322226,17.784380603977045,7.261101723194324,2.363554345647294,1.5070980956660867,14.486185939189465,4193.746248309625,882.5129342445638,3
22.899150097277694,10.041118581682479,2.0923056476266098,6.86280752415985,1.3521892284666566,0.555736512864314,0.33572345217879085,1.0672572755470089,1346.0291246705215,92.09006013626473,2
8.473919689274531,9.948492336616594,0.8809963421921911,2.786552848288153,0.28815729562220965,0.23960148132841794,0.23481031824067092,0.5186677806303556,846.9003044998183,42.43339449322692,0
21.482480362135558,11.56390912005236,1.548046179267605,5.133464081853608,2.1973357649114904,0.9031878435408199,0.24952250787717825,1.4472342562702991,1825.3410273655168,86.97453432692977,1
20.748983024107446,11.223914134064662,2.1336961570359514,9.400827815888851,2.5120312629057313,0.8041587415350816,0.3513907849658915,1.8228021415795794,1712.1838895882477,86.73866072112472,1
21.518187057778093,13.252435805344309,2.2095095046830227,7.783608010805093,2.1905791924413887,0.639364209863931,0.431759753560796,1.7858623641608815,1549.9906970802094,152.7549706731999,1
14.312054312564046,10.801127620878013,2.5217392439146975,7.5779214265843775,1.2113049786650987,0.6855919495829296,0.09987578351665007,1.2967021301723005,1433.0902129380509,69.31731632048137,2
32.15351540407727,15.502947217881024,5.78179890877106,19.66578415240581,5.779461864853725,3.380344546021299,2.367318772729665,7.683692311255359,3065.5148379723387,881.631047133009,3
24.070823862981282,17.989876454906472,5.911419087139723,20.296284883576007,5.853127130335644,2.008757837978686,2.372092855157517,8.290127491918764,3361.620059790662,1052.1693308622955,3
19.197669367815838,12.613711269058648,1.9558589758243725,6.573114258139584,2.4302367441798727,0.8646335428369564,0.2356450167682538,1.4941741182336803,1790.627326782649,80.69379086439893,1
16.550440613101877,10.755843364709351,1.5981627160151346,7.297334914404224,1.9164391431067942,0.7067926996263516,0.2665224667893459,1.739982570582615,1477.5125250719125,142.8868669403407,1
28.761695559700232,11.181287824985414,3.1531490338746355,17.990384636324585,6.378853268994935,2.8416498168122546,1.582838477254209,8.993747181015195,3559.0613307561757,1092.0609592562942,3
14.689779005163519,10.638673331496326,2.5905762338061944,6.738028271989199,0.9830949219577525,0.5674474424363444,0.18218928571047321,1.2108786671608665,1665.8481967012895,79.60719692801236,2
26.417277152974943,15.62636894772996,5.436335405705979,14.081115101132774,4.242518479023658,1.9606269092433406,3.1062655196986215,7.9554420416325735,4343.687719058381,937.2832339488093,3
19.090326804515545,10.439239181085982,1.6051085743545792,5.177569055264098,2.4455489978477445,0.3827112878049684,0.2965621253667782,1.0133554133649403,1482.5096066392673,68.97048930871797,2
11.265963332615536,9.548470485706138,1.4174254492727965,8.993501234675946,2.169380836119415,0.4372274210163303,0.20005236882294208,1.2623271489104322,1382.816435523967,47.24239454992481,2
19.95696863524026,9.903724913104798,2.017041734129613,1.8921577301960903,1.7356916591251217,0.6003229121623418,0.2812855734995451,1.7925592889347288,1853.1415681729402,97.54200787804373,1
16.00301368840556,9.779503412281706,2.393646411414386,6.910084588704274,0.9801675052289609,1.0423641637963088,0.20162042683694298,1.2362219582742227,1385.492045126583,63.757083926721194,2
32.78898769458091,13.206715545369583,2.142098548601713,17.45201804223017,5.379576501555536,2.9713395370348294,1.7844372152124506,5.051735735915789,3353.47854838023,644.1938527560427,3
10.383012794213625,9.688268607337076,1.2266066749312534,2.240867338446302,0.3487298509431393,0.31818662550584953,0.13889360955540273,0.911958089586208,968.1891489626312,39.963974609094315,0
14.97679390471724,10.540710161484814,2.033765192188994,6.631459416584085,2.0525816314761944,0.41122426339869983,0.2325563283686101,1.3158221325295265,1127.0043411042575,63.002569311577034,2
13.937289981065778,10.228199397161736,0.7013998130682334,3.4919191715065057,0.7959888277780053,0.2522342553234883,0.25796649016821244,0.8415375374326223,950.7274031107298,19.582651315757094,0
34.52742759635643,16.55205582768695,4.721135362545581,25.228786574551542,4.409092400405099,3.1552415548846993,2.410079093377742,6.480593765039426,3318.460057974479,917.3395398828793,3
13.534869458305817,9.88728890641592,0.9027571901824418,2.40842861116417,0.4715241029957413,0.21360092303201839,0.13776726483442917,1.150958836396873,852.1251378336523,47.46253566027221,0
14.931297537843108,10.195515973521523,1.2629317133347018,3.0969959649927183,0.9121495849763974,0.1330594718878628,0.16047627722773442,0.8615603537784119,848.2711549899628,50.73631749859772,0
9.454372138109774,13.29094257259074,2.0380026957062056,8.158582999202176,1.387850881855317,0.6505576641704354,0.2881931473008921,1.7226382473215676,1762.1616546319565,95.71108149715315,1
13.951090254244718,10.128276804316915,0.9549268106858674,2.172769056447677,0.2604244214822303,0.2579015519179737,0.19278197940380287,0.9400619758817983,963.2931817755511,44.47708560017315,0
22.502279371902933,10.011408892849083,2.096024558245016,5.788768920526271,1.55625391109895,0.6530816846403903,0.39983108981479604,1.371209332644822,1263.31236155581,74.54244664352782,1
20.773901048738306,8.10374462180631,1.7852972294373735,8.984084699073046,2.268326376263643,0.6897628567342934,0.4374876419148185,1.646756139044299,1587.867837237076,83.3236102048798,1
30.770891020467438,14.168066144105282,4.6464895377257704,18.524260744863394,5.672020083847446,3.7232140438090515,2.1693436589608446,6.894158325265396,5296.894571928903,1158.1288921845094,3
17.03895807541704,11.201099046714967,1.5823264733701214,5.780975595681434,2.764234213206266,0.595162635134159,0.25736424037944566,1.7128355451417119,1557.7739522344611,86.63712362830421,1
18.360093980154783,10.245724149980642,1.9264989991857557,6.7118248885567695,1.4483958171391584,1.1086487056544378,0.42810163617351127,1.7424173394843436,1882.186475949254,84.27991556239779,1
16.000517662295493,9.219276817218788,1.4404863806707489,5.281743815987394,1.6176896516053976,0.3933573748868644,0.22035935211279767,1.260330483729195,1294.0039711870347,71.27814174450852,2
14.322703010992978,12.189470488924641,2.8388504070382203,5.7731946729181205,1.8756544369082264,0.9027200213139434,0.20448774206506468,1.1838952742560938,1371.2547585358677,95.07479322989147,1
13.476933159990821,9.913729967302066,0.64149585231346,2.1777796044335687,0.5768130897878615,0.38356921120651416,0.1832107650354936,0.431825153733671,895.0536290347567,27.196956013291057,0
24.558459956881993,16.711111318041425,4.425444864184172,14.248297693854404,6.85464053579797,2.498149243238958,1.640445274275407,10.905233490972359,3219.7831163970322,873.987941289276,3
16.48397477841886,10.9461528485801,1.8795792587185978,6.612979217221007,1.6888009083677098,0.7386405209306744,0.29426009759878274,1.3556778059750672,1434.9393735716044,53.40559731382549,2
28.627891843873737,10.74554515929701,6.868403055666768,17.029274892751868,5.0788161524875255,4.160801150505069,1.9087155128102293,9.04255981002763,3932.168806213172,1146.0444351301576,3
17.48211810017754,10.82692817571613,1.6753612274669964,8.899108270882648,2.1998439758763206,0.679557587927644,0.19376064718531202,1.2217940597428278,1631.97127839948,102.43143779712102,1
33.303186590168764,14.433722206512465,2.8219591326236193,19.797895651329227,5.395386016402454,2.298580975030524,2.0556863009200264,5.368368367144987,4836.153234315993,943.7068084821891,3
14.712480057141645,10.00639046346825,0.5504433636070302,2.598779528114164,0.4558060800933555,0.25919246269784485,0.20532151138459484,0.6593647149748225,861.2298440064015,54.40117215449473,0
29.78749000321079,15.886004260894751,4.189479821221081,12.631489006059539,7.3335556834198385,4.275553913399357,2.133409198147701,7.755885735757445,4181.953787606623,977.6624010846899,3
19.55687034024985,10.312784112714414,1.5983280675969314,4.325213340077012,1.7733315971244277,0.7287676674984997,0.2941839950143619,1.070892589028107,1496.267120542264,42.69095049177224,2
8.451219610447936,10.517972714249638,1.5402507846714297,5.99160597175643,0.8875569989777109,0.7382702252965878,0.2827810236767598,1.6906467976326987,1390.5671988960555,71.3762872667256,2
16.045745989156654,13.403415585238275,1.6632546878780659,4.869772673849255,2.028506562448542,1.1026899486484263,0.32987529083656864,1.5995940991707045,1169.636919734139,74.24432496183522,1
16.912677175790602,12.02257043200964,2.084680412018039,9.393143003328984,1.7097382750976386,0.9473687794184867,0.4296994546561109,1.4261812535610154,1860.8680485756306,101.11208932006897,1
20.521033201218316,14.721205598673532,4.283751023661501,22.41550937326503,3.3359823689273966,2.5345743732863566,2.9488835083729885,6.755930388891237,3963.9078396366135,847.4680959367664,3
15.158425631014783,10.743092950605266,0.903007053441732,4.2776648957884245,0.2864759141234811,0.24076060757611306,0.16131054004482137,0.5439141295007434,922.2133771633713,26.401438590200808,0
16.62334721139318,12.37570681331162,1.898209819948819,7.006092040306829,2.5867369287426625,1.1544503193339488,0.4412220555415429,1.4493534830429968,1223.6301909004721,82.16702865156418,1
13.943950169044498,10.321438196292156,2.44688502998745,2.7699856201931334,1.2988100917794627,0.9640074729518283,0.16282935701260892,0.5676099805764242,1439.0196014772732,74.86085542332341,2
10.183951848957578,10.371411407257511,0.7029272904341793,3.324166352488442,0.7358594368127653,0.3099332305429226,0.22405046158683567,0.7272775575572289,908.2283989275425,35.535663854494715,0
11.229835439167367,9.973224104748489,0.9835723894109553,4.475356216949552,0.6910284641002477,0.28443227646079206,0.25632825147738786,0.5296630788767333,844.4522880839745,43.520553965142966,0
11.530825733249705,9.22851485108469,0.9259257683847225,4.237816311973462,0.22344005380713272,0.3377300493044852,0.19075489317785055,0.8059512278991486,818.3064329012764,45.72582781356159,0
11.628682046672365,10.193542301871227,0.78809492878764,4.532738913002578,0.5070527103943457,0.5075400798645439,0.1726570529379804,0.8244019629290723,748.4255885002768,53.29152530132431,0
9.042956019265144,9.929941397124212,0.5599407185888448,2.5289616943816773,0.23910609989902934,0.052835549987271045,0.1877128467957028,0.9035318040938246,916.6452208213055,58.466369960476655,0
15.63054920295632,10.286678136612467,1.6993844455822018,4.6136502835975435,1.4818355128271048,0.5695529043906514,0.12715423014343152,0.8759708339375263,1649.9008000775207,71.40058561414976,2
12.417727190009511,9.408373353831882,0.3949714826684786,2.1745028032074885,0.8257231091142584,0.21395866347160475,0.24115852919809574,0.8512059468627752,1055.0500492814076,29.78767182869287,0
12.115603084959838,9.986810472764553,2.060180037014456,6.310900994098416,1.8161487584206846,0.7800118434640292,0.29976559922448387,1.1100925818868843,1348.259446507936,75.01264625867346,2
25.777812882052533,12.525146723554855,3.118931663338708,18.3143081188766,7.633154481325008,3.5124343480598186,2.003589233453971,8.206876258616212,3383.368638246012,881.4111586772823,3
13.830804235404148,10.036618812286774,0.7696429809928834,3.3417559757771595,0.37068542315149466,0.25406391004597556,0.18798373009209327,0.9667844309097808,958.3928185325964,55.0339830176715,0
11.397792608821423,9.892316929266153,0.9731510388340243,2.4930568246288702,0.48217599209744233,0.44415686206579,0.1248428523440947,0.8052182100421668,938.2409746184051,39.00824136220617,0
18.07368710482937,11.0926594763361,1.6119831408961995,6.998886378081692,1.907064586737401,0.5811818609995649,0.2979035511649528,1.2919123232478553,1729.8602678262564,80.28261608185306,2
31.10062197613913,12.066429618768646,5.170198709196604,16.880758630491975,7.4667233245293,2.334436066004439,2.036598495500847,4.3377102433233,5260.012662935716,1001.2481978611852,3
14.061999044991902,9.946536236649342,0.49612600680919733,2.980983792097311,0.39394847632551183,0.3337602662075202,0.32866799016249304,0.6101202222336114,1042.0504247989854,39.178488216074314,0
28.681855083986285,12.957675084879398,2.7450773319977078,17.40412276093081,4.085543375192496,2.350078120850064,2.185030557634478,7.6812755357081866,4803.814108832717,633.44452050407,3
29.796874885140138,17.63660464970534,5.249618905296667,15.642913392842775,8.07679807139086,4.654325070530842,2.38201489078643,10.1395429099677,4890.048237669375,992.4967248133709,3
29.944145157670548,12.413716912482705,3.2273405547291762,20.12802479528777,7.023104235093947,3.2583796028941348,1.6100735268891806,6.950865972465898,4527.770999002049,1165.0864218190156,3
15.932436545731296,11.495681887972605,2.4474621884722207,8.115620612703724,3.082501172450542,0.426692676585388,0.29221628029871977,1.7542265031451265,1779.3678631731063,100.01688949888914,1
10.996485912830927,10.157000247046046,0.40958244009549966,3.1503937864762075,0.21554925808046516,0.3248220586300336,0.2356499215086194,1.0161561451109244,1084.6707325736033,28.416353108074578,0
24.225782617875797,11.870067730688755,1.6407963672154013,9.780415098034627,2.2279438860408036,0.656635535879439,0.3883109777147159,0.8481991361957891,1922.444125651085,102.76102202881515,1
9.698012845155395,9.304731837434657,0.8128560038190926,4.158110873500068,0.30701530788397907,0.13724575621168372,0.15051975898707096,0.8036867866130787,1057.9572145730713,34.410781527284115,0
12.72794900220222,10.289687336633385,1.7275103307127588,8.511738650021305,1.482609220074455,0.5529705470741403,0.36283673161628033,1.5704158506156496,1147.0658275753565,69.03717734337253,2
27.173554881215814,14.464717818202413,4.937915537510655,25.185443291707855,6.43907322321278,2.871711935164136,2.2289028049628925,5.303905776119666,4251.753835692077,745.4862502487518,3
9.902957104308927,9.851313991031729,1.0885649663973933,5.196297805421553,1.1946855583285674,0.45062769078146564,0.3178539370133335,1.1915968588240717,1249.0545562794985,75.2875745253532,2
24.42681107583559,9.856995087269517,2.2068995487257492,7.9730032876524035,1.5803951663304967,0.6081121526553042,0.2331855914461006,1.684610245203916,1469.999483835308,94.78493728222298,1
19.14580635669466,10.010371863429663,1.6070052697460253,8.484190744018614,2.112342362875943,0.8857633000661146,0.18209602088401974,1.524731925880351,1594.7188486082146,109.06250090752174,1
11.76870343522352,8.996258382719386,0.9009974557960915,3.2449665711087228,0.08651157999202466,0.3529804177915283,0.18702043243181976,0.6750362844608643,787.7277978437702,46.50201177958661,0
13.152917205548077,9.409460796325751,1.4766937113436296,5.024964098389653,2.0774528013875257,0.6087034102212593,0.23924025724786138,0.9683254227881722,1438.7713709821319,66.81686545148271,2
14.11424445243783,9.139771693457863,0.6693341534852577,1.5925362256234448,0.31202404273452894,0.27969546139570073,0.1972852566741094,0.6489234135293356,1145.5300139910894,33.080919301187556,0
21.952182196902978,10.809317599236653,1.3780683823043574,6.949946082509713,2.664097070924529,0.571662177173299,0.2708188731084456,1.8321242007860918,1503.387789663312,124.65029998970184,1
12.948218935214603,11.72674696103706,1.9848243573007587,4.8622569979498955,1.8438351547919207,0.5061484068755682,0.27529247657462225,1.1120196705458727,1310.0485682927065,55.59930557080804,2
19.308971009022095,9.853654606981312,1.9350896501332868,3.0490668672922574,1.0168217053119992,1.0177497239408373,0.4080048065714649,1.8257946348525096,1688.3881299138818,71.61230816827154,1
29.701959732960923,14.77866926288534,4.22899639245934,20.715725160237113,5.418450125387158,2.110735800389159,2.3914368674742863,10.857715415627135,4380.047424736713,844.001339625104,3
14.931622304404783,11.328762410303481,3.1052615007956756,8.199857459992408,1.8615933500555397,0.5760765133421978,0.38527736751222197,2.0514551030385366,1603.7699245889696,129.16694908441187,1
14.727590935731254,11.73921612119615,1.418424232241342,6.07466053077144,1.8304188685766025,0.737768166591362,0.3253048464613987,1.2855844586224052,1692.6726047651714,66.5567701695948,2
12.662526862807129,9.204348251398676,0.8887638856292457,3.3227185603380893,0.38927013893056356,0.3394452142378297,0.20990423803839278,0.6283284439637574,844.7776955719029,45.69767280232204,0
12.99424777836723,11.421920754235284,1.3150985102104609,9.437523703394634,2.4078686062696484,0.4463121268874297,0.21536433450091264,1.3952049611645407,1646.6432262527003,99.93398446473043,1
22.140274062442355,10.153038651681673,1.2220521768981865,6.550469196214633,2.010635788368031,1.0453866447768616,0.5589563642018613,1.8003138277701423,1685.438872374337,88.97212552823028,1
18.315538505603982,10.873086699557067,1.7673909307593416,7.853717430010408,1.4162744721682554,0.5648069145063879,0.3000504746916801,1.1508833541429757,1621.2164904480312,74.05086037587134,2
8.080659752240448,9.638969241897163,0.8372908629538856,2.6786141583470067,0.22397970835702172,0.26154444557701745,0.2036658983594202,0.9965381967891028,800.1645959261209,47.08356447299353,0
12.687236579136922,10.06097078280845,1.1530908480562194,2.281555778747564,0.3972266165326613,0.3371145873371309,0.18845327348956611,0.6776964394016104,836.2260015748684,39.54413983644502,0
15.656570529001508,10.697203822745603,1.961717901984679,3.9709945712346983,1.7970729673438888,0.6128530742105038,0.17839441261787162,0.9989210600850018,1487.0977972138471,60.8711541514045,2
17.035094846347853,11.918316606002314,2.3540543383442953,11.314616426531007,2.8634819256167026,0.5968356362043207,0.20962981392698718,1.0485838877906994,1353.1302256240156,77.4656555082007,1
17.410950452745066,10.031655545136365,0.9235547035237586,5.493164259307633,2.631292051713591,0.817228776609275,0.27410950262959227,1.9021351338069434,1597.1095458243442,98.63845089347882,1
14.151023327434292,10.937406872100478,1.841795775152599,3.7728772042465177,2.0073440973645984,0.528683639075319,0.20775898155014974,1.5583822365711728,1755.932106453868,93.8947238943755,1
21.94211876327693,12.691274663534031,4.665416823691778,15.163916169478039,6.262930168400886,3.766708655873634,2.5963675827082073,8.451523046223508,4202.513694177068,778.3546985110481,3
20.368769768490438,13.586214864025303,4.185175536829914,19.354211505143656,6.7371441790803,3.9445127299617155,1.5880322565140002,10.130343931428772,3389.1659569350313,788.7762506478439,3
12.194155098696081,9.576742523966491,0.758375549928545,2.101585328651642,0.49840547173667654,0.30715662372193925,0.18195169170904602,0.8859236438265172,982.0482181197365,42.08382807947552,0
14.809447816138352,10.19984289574085,2.15475495603892,5.4460842911306955,1.2679787034519827,0.20463783914746833,0.16264528796837496,1.2487562460070316,1270.7745996654317,83.98287346390578,2
9.974337759331153,9.782644115147379,0.6454349570924857,3.681952971294964,0.8102303951045046,0.35009171876243805,0.20546973973024465,0.822845529732408,926.7050265869259,46.078965097165394,0
9.072970103735763,9.992658689864419,0.6614180809478692,2.530824347895295,0.6077820087369318,0.24899836011452528,0.1845226780343005,1.0106305706665808,964.8709887589642,37.18899707114045,0
14.115955572837283,12.384272818510517,1.94438696932565,6.945390920980136,2.834952252175703,0.8133981434449744,0.2000697767705089,2.151282815249344,1806.5092408683315,86.05323159385348,1
12.993428306022466,9.092314628974794,0.8715574720696567,2.1710049890779275,0.18111446824112656,0.3926177547531641,0.23784943083226762,0.6954553958961921,993.8283805975998,43.686733088729014,0
17.648114171081012,10.237105219400812,1.6747767877907382,6.801758472720826,1.8245586217966367,0.3973388450687968,0.32176529575097057,1.112146441071567,1564.7702496008292,63.24980713006279,2
12.723272050095268,9.677305941998565,0.7119911026606033,3.0976760985488316,0.3938997704778945,0.1129208078974144,0.0674515095803494,0.6746065884424466,965.8544272672831,39.59842049355657,0
18.593732350387942,11.364961002466226,2.623871036336867,4.376327535299681,2.4639200640406185,0.7756504983233433,0.6193107567844861,1.4728400153087517,1421.7615549169425,79.14652400531956,1
26.35429357153599,15.982415330823994,5.370536143996714,11.8041578997861,6.6387654879447435,2.2274681571814337,1.0108873753125949,4.723941885127966,4464.0855759019705,830.71469879862,3
27.626452564400207,14.081819379562017,3.0953856250062337,10.824430008528438,6.235040592369787,1.2480626360171572,2.186674279855699,6.3739712554797405,4494.364011615557,909.8616663040445,3
19.039511645192146,11.853415558780307,2.618046587605219,5.230394571946198,2.22230133411007,0.694189464530741,0.3546733568201379,1.6654456128121402,1517.837142409083,112.67540193734129,1
27.481931012546237,14.255361894124155,2.84664948940404,27.085798981691184,5.725274293420058,3.268915970420983,2.4665640361705345,6.0132826008360984,4843.472658241388,1228.6756311609067,3
19.63116883617686,10.970842615816576,2.368947944679403,7.552874002085629,0.7321307375209374,0.5904713138076967,0.29899750352108817,1.245356655028493,1468.9380172533672,106.17515013367631,2
18.230465673180767,11.104201103951876,1.4538436176637104,4.256197714137287,1.9329914166635411,0.8587115864333259,0.2608241850956178,1.3132051914796645,1538.3931431628519,103.11801553059522,1
16.75118589902707,10.869738132865555,2.191543220312718,4.605733709711385,1.2241088903743305,0.5314047517369814,0.2304735621060639,1.0606442367229196,1016.4980336347039,79.03177480588725,2
10.595893812245295,9.907046872065102,0.6821270486111577,1.6797667929793578,0.5154736615295237,0.3478979825746392,0.14594683362000513,0.8543157674390748,1006.6674689589154,37.52822617479403,0
15.515434653067992,10.089429146822733,1.9063512918608194,6.632379915921684,1.6085981243302592,0.6491819286239036,0.3034672390974465,0.674993373087094,1546.547317181288,97.72913249944617,2
17.19089442339055,11.038288988773456,1.0119584729152657,3.723189379978786,1.4905791396503048,0.6833268969513372,0.26578338125049655,1.3407202150435886,1681.3199783314756,56.66138757657513,2
20.501277953777134,9.555349747752924,2.367841201805455,4.362448685791028,1.7288229766856575,0.6630141735677761,0.36226959761001526,1.452865758852089,1624.4405087962496,68.25656435317063,2
9.787330051987944,10.379297789503703,0.15174653198618548,2.8912398515431423,0.3600548984014829,0.3871124703431692,0.1983623364892001,1.3120169076537591,1054.7505201330061,41.9652116970147,0
21.44629710111631,9.610427533236404,2.2693779962231844,7.239160736828307,1.8954883713569874,0.3151519479454117,0.08781451009914051,1.5226300916704778,1758.6977441104425,100.42244856758677,1
16.001319897141492,10.347968771998804,1.1096773084837612,4.554361610684084,1.2576556716964427,0.6558158208910294,0.30433142203505564,1.4186292685331305,997.118378001505,73.96030122000505,2
13.650242247227839,9.698250035374821,1.6191638668667678,6.746614633637091,1.1329988715942945,0.5617566309669453,0.24947829478164335,0.8501734562995147,1342.176302098776,81.36882774885429,2
10.646155999388082,9.459987639210755,1.2244312394025267,3.8576596232020193,0.30285479073289123,0.4167782061659807,0.1865555654722585,0.6048253494045335,836.2612872693483,27.484605758095558,0
11.04165152430942,9.31265916488634,0.6146139056843835,3.5193465142411724,0.8929450265832779,0.3289774856896413,0.1713168996559882,0.6848724347524453,920.29230208513,46.42722759867544,0
25.66560269461598,15.777957458704368,4.7356219972457465,16.554148933224056,5.174827075595192,3.347816051645513,2.346427877908906,10.025274819288143,3488.4012744360275,600.1968079083198,3
20.197920231646737,9.407006266468331,2.0409146792737825,6.269356897375783,2.7710549762839376,0.32741351289163234,0.31263795795464117,1.5639589884713068,1582.327408158933,97.02896415083165,1
18.017806491593277,10.850780591047782,1.5261480696959984,5.559049578503727,1.7258423703574401,0.6710448115217181,0.2737260436112609,1.5077186282886836,1093.3031143711905,83.03731888745345,2
29.678439888096474,13.764716646132607,4.338023481101708,17.69733758269668,5.197024931148512,1.8164446214882208,2.5286841526891126,7.518669650939574,2973.598290301354,1050.2198909014621,3
12.522110544359778,9.876862552972765,0.8614599041753219,4.353872374165413,0.46193226438327833,0.20212362842176926,0.13744432118073485,0.936300139474525,914.6713686433322,46.4084286126701,0
18.04472414506257,10.890297827896859,1.1987678792960728,6.104016505554376,1.6360205178275562,0.5262146328740692,0.35631466556283276,1.2752768347979355,1451.7192027925416,67.67111426762877,2
25.067868017904043,12.99556596214655,3.083725899436275,11.269365223509258,4.924475776308095,1.9839511290303744,1.9676556974837411,4.457862893823817,3908.502874032771,971.1337897126459,3
9.558312700057956,10.57496720250877,0.9267838044636023,2.8529426184978615,0.514818956083955,0.3047398671316414,0.11725716640671152,0.8945194964826086,923.421473253652,34.97945775647389,0
8.024862170798215,11.160084583294811,0.7229372806276481,2.1917017146448483,0.7239149822869154,0.4143754043206929,0.26357775474970796,0.9241344195101356,1018.8393273448085,47.604146561442974,0
20.65097981246002,11.015579047581468,1.3880298666188717,4.030204063100193,1.6743215531040856,0.8937548512150048,0.34283070972076485,1.5715106948204356,1394.4649718148085,82.60779327912732,1
11.215783693735684,9.886590462925591,0.8714030971930096,4.179440120721287,0.8046248154539315,0.40375399442578996,0.2296550628984192,0.5837886919183476,1038.2158991037527,29.983799901050844,0
15.046059712816051,9.398861365389191,1.0107604104069807,3.610370265433465,0.5093961187529484,0.3562969236690571,0.26778189294024757,0.5183077407272881,853.7724711294957,52.78451862607299,0
26.445916899267964,16.47930630344934,3.012126659099251,19.900670985981527,7.595911481341284,2.060896028472822,1.5260536413655068,9.16547516634773,5437.374331772928,832.7226109177727,3
13.08512008717193,9.762777042116918,1.5705462981309442,2.797807347566106,0.6028877668117498,0.2169049883588962,0.27480221557445916,1.1392912736580076,810.5392697780496,61.6325472330546,0
14.770909535919882,11.074548580566347,2.203005475934769,7.273653166114716,1.3663691076080238,0.4303667347011126,0.21164056260806052,1.0786735411580328,1334.0287363337507,84.78174528422828,2
18.127244905419932,9.610833634450374,1.9746954206934038,4.455942737726892,1.530382107166435,0.44791560715611933,0.15595243155001187,1.3573823960554527,1304.3814269706322,57.632287577084895,2
14.955788089483033,9.264553750969444,1.1172033632290705,0.8761042756901931,0.1787107359484855,0.3632781866106285,0.17377398668601132,0.8760395702011927,851.0560557481778,30.33023856870787,0
16.49328926851399,10.621406393798992,1.81366096699521,6.752674104251318,0.94758215873849,0.5924693074437383,0.20689265150458094,0.8128454252840633,1294.7688084817041,99.80913998846212,2
17.555517860108505,12.119447698629482,1.8341272570260096,3.7552061173648816,1.3027508710400912,0.5935764928032637,0.2468554169897895,1.0967505444641414,1538.2772989937127,71.08055291925618,2
15.180263208717705,10.417396191880762,1.7243518436891867,7.040218367870991,1.1864937337654413,0.7532074943144097,0.25124946671596826,1.29658082945289,1290.5824530783527,67.19655762757023,2
15.936064219520015,9.50871433947688,1.6371854748292878,6.010594737942265,1.325294305104713,0.41314239353304233,0.16739808771779682,1.5885401051786934,1799.380442020664,45.407737562118484,2
31.038849181936673,16.424644319160326,1.5121913434649206,14.78870222419663,5.679814830974343,3.4832967116708144,2.4197342522592025,7.1751723635670395,4966.057055047044,805.747251859496,3
19.5685064641065,12.105525932957985,1.4062007904852436,7.113299849794214,2.2691480395248167,1.0442067391050707,0.31132704105377645,1.6539317394528248,1573.748606581539,50.414003792484245,1
17.859238263362446,11.758928589786764,2.5456550602971344,6.654107880153154,2.5983157433228254,0.9588529359243655,0.2761067900830305,1.513080733911736,1378.8590663028128,101.87113444561724,1
32.80212663389549,16.95684422405607,3.138296929743742,26.66022427122641,5.546729119526068,4.699817122413569,1.4402269358084157,7.699359079456256,4741.360007121389,1172.5125705424903,3
30.319429141180528,15.874626374077922,5.13731454236473,16.382410307264156,5.464990298730193,2.8180189920372736,1.8886396496116964,5.968242346020043,4803.711718708772,972.129578287159,3
22.198066309758005,11.998010109859653,2.0626122513239538,5.6638190927139025,1.47654450865903,0.9556722152333276,0.281710355889516,1.6051890297820677,1980.2381371506015,103.93908809021471,1
32.166898656235404,16.425424057722662,5.676393027208203,20.022356967343498,7.223251533666394,2.221296929578372,1.714126979021969,7.671329588229217,5614.763622019545,484.43763602876066,3
20.09466994084077,12.108182816737516,2.0244300351628524,8.073019687140807,2.4980238429029082,0.7659630754950143,0.25172564778179674,1.6229455970785538,1239.372064748811,87.85395711991542,1
17.67620154310303,10.840709764954429,1.9673592883554736,4.6172102803120305,1.3884148278672765,0.5089949557852055,0.3365413382138263,1.3432819533103,1024.8596708902542,73.86628810214125,2
12.722791211016828,9.355242785187238,1.088254657813223,3.0245101742589426,0.4449896605696712,0.30184183791895514,0.26230425962488146,0.9415503870910952,882.305277250595,41.28104414910789,0
11.973005550524132,9.268848143136948,0.8091143679807627,3.0758045581937266,0.44611863311108846,0.2933920201352683,0.19209960507105053,0.8816505511428944,799.5859233247932,25.51986099583756,0
24.57291162469283,11.737448369078109,4.148089419798276,17.33747435872947,9.079458036752495,2.9741755111604236,2.182070148027331,4.062153715167834,4378.960623813982,777.7229505222745,3
16.66340587349907,11.7644325492547,2.0720864421801797,5.056104909460817,1.8476624257557093,0.46569805164554634,0.28705650336792987,1.2632913095094953,1473.549315386318,88.34624600642988,2
14.640990316121568,13.439752406339274,1.29314275154751,6.68294085394606,2.294289202210305,0.7437344885763574,0.2977131937701118,1.2470260214051425,1267.5016023928652,91.79161362510497,1
28.235936886358388,15.082651264541237,2.7195444289975335,23.598378580583173,9.408652080670322,4.676674801447327,2.2107730417682805,9.586351376437355,3723.900591696285,912.0171989230328,3
6.760509791820511,9.93834539966501,0.6036982697904099,5.153182457511557,0.8289935427002567,0.38294055811834893,0.12962441526410895,0.9243619924434393,896.6873027126203,35.538165667852205,0
11.401985299068265,10.52676703857866,0.6799566245682411,3.1833420057383517,0.5622500309087072,0.3770865193886967,0.28761352217118114,0.7504962728896991,922.3787951638899,15.761206733710434,0
11.38157524829757,10.036916460455895,0.6584661068762439,2.711341361079862,0.2929515355161252,0.2567441812180379,0.19879374564449984,0.8369672247389748,947.1415556386404,44.567532191537836,0
30.20696319964368,18.31081422617659,4.721479323757343,27.280162888069036,5.201747155309215,1.2265449285167485,2.447323593786936,7.78732599493737,3552.7755534219523,888.1169637455012,3
21.148658145958006,10.376231039304194,1.2986973641001534,9.171791131663156,1.8386600805789322,0.8176813772583695,0.3323079273116029,1.460209876085228,1283.7618595935733,66.12149987201889,1
19.18045615626525,9.960094072874469,2.0202958456019413,5.203064036417926,1.6216024557152697,0.709354390134545,0.20466713917412874,1.4276227036144373,1283.172811398902,98.95433851620555,1
18.17889110976052,13.088374704780728,2.061148751516142,6.650080486609182,2.5928520773314983,0.6363602233155387,0.23540358208754644,1.690416440568531,1458.3186466179075,113.46249275173282,1
30.226212498135034,13.54079506038518,3.047683619261203,22.40328559369042,6.653963084250069,2.5985726457507745,2.3910650007657295,7.719249882189327,3785.7699876064926,1222.9557581419704,3
28.137764046823364,14.17701371087564,3.960980480622456,21.33900530529953,7.651984436603644,2.158952070688524,1.6836224850574806,3.3677122740622467,4884.726474199117,934.4508772822074,3
24.864985915502288,14.250355886756388,5.05811832508715,18.30862598487087,5.159088544729036,5.009245241267539,1.587173158598929,7.103550767399701,3614.2745465580388,1014.1014416709032,3
28.81755612641191,15.21881694366594,3.287779236350949,9.485063622340752,5.435548912612506,3.098462561324945,0.9567611708144577,12.084152080287488,4973.079393406721,852.09961559565,3
18.235905570948272,10.98036220107332,2.4595382414938842,4.305747420940607,3.0307517883181987,0.9238308522010396,0.1999668675394425,1.4042838193000144,1548.2407874665796,89.4695748150188,1
12.010226913284923,9.829104359223,0.9625724237677921,2.885460154747382,0.3248763493230485,0.25557067399238886,0.24620135096034507,0.805663675226092,1020.6508966508356,34.28821010217203,0
13.862560238232398,9.442824290986817,0.7031531854267498,1.9974706353621912,0.34142543354753113,0.25881230338775324,0.2029609217007244,1.3264764129674782,842.9253706250523,51.17295831588128,0
12.751396036691343,9.516851135198614,0.5844510444141388,3.7916626939629356,0.6372102919996878,0.3048084946661382,0.1937106539950176,0.8695163410723342,847.7139972846732,43.772118750645205,0
16.671377607557723,13.488416999683274,3.475551863737348,14.07078567849074,6.31170376102997,3.3395151502888103,1.8579224510356014,12.61583250123222,4401.0168429801315,1009.6639255108998,3
29.239995932662218,17.66114980807808,5.503419828428999,15.744210047767027,5.227172409287636,1.9651938998367233,1.574732360626478,6.898896136583025,4929.032727613752,483.58025936220247,3
11.068540492859487,9.786743062275391,1.0271131280361199,4.09877685198719,0.2750715816324262,0.29497618905508627,0.19722076645447725,0.7806573776259216,856.0268941725825,42.19150327663939,0
11.061051228130095,9.928775195361382,0.9030095372612096,3.5470973811700377,0.5240591263423797,0.3048521627944827,0.11106398755478608,0.3836141184232556,1025.575612557352,46.45484181141075,0
32.875883159174656,16.78739537877822,3.788333018068823,18.31257225187859,6.997390743452612,2.26549841326674,2.13238765548899,6.229502627751555,4370.300819616114,790.3599403666454,3
13.951855350696256,10.006910873568417,1.9454527530499872,6.391875796850784,2.094898462134371,0.6801943629183653,0.3183620181653293,1.0870851309600942,1307.6246543875886,96.21044796873338,2
22.411527259548034,12.58104612916239,5.523238621712258,13.940962027256592,4.751908042725215,1.6018907921373906,2.1979098905479617,3.7348087476903276,4578.136301398668,731.0117122813007,3
19.6308004637833,11.981765486991595,1.6474940721207956,4.042176862451743,2.644876377041373,1.0985377137919043,0.19934574347203587,1.9836834773965937,1657.7387258559713,111.12113618132103,1
27.773646044400415,12.606422707147377,3.66987990603355,14.73513102183214,8.295292798295026,2.443444098242349,3.2425949583394456,8.632716643072289,2743.0977431200427,1010.6298312758419,3
14.007065795784047,10.748396491326975,0.5139717244078735,3.012592400781795,0.651501542009461,0.1991913689082596,0.27519964942913444,1.154160127127102,933.4456789987025,58.00940432910816,0
10.259547617156905,11.598278779741225,1.4075337875441274,5.9270214726443236,1.1933373648866608,0.783535332362794,0.30854965634306364,0.9394888969392242,1482.3835854896392,74.33085494237535,2
17.22287356253789,11.550052099024551,1.4483166969130632,7.064008298131533,1.2371718427149525,0.6344819558702561,0.3283287871546142,1.595752353125754,1505.2321305858168,77.17036809554095,1
17.884474591497877,11.125576453471542,1.4926216346535666,9.381292549572683,1.3515840260220768,0.7085807486827457,0.3452371796249734,1.848563490782457,1618.568980228223,83.1361544900518,1
17.92693622321705,11.638730222029185,2.316888440466049,6.859002443881818,1.8175236352285573,0.7547031802300337,0.39192289345752035,1.721643144266251,1555.0288036383843,68.54513948520388,1
25.367006350664607,14.924858710041038,1.9741921268886231,11.817080853237067,8.019338634304122,4.486161874830186,1.6828570761552983,6.343607454069531,4077.3623626696167,1205.6062718775665,3
17.588545075523065,8.450133072963752,2.6398887156666064,5.162547369080954,1.6562783683712576,0.5655300554137209,0.28658243236921926,1.0519110110869865,1470.8835136789253,71.47101309308417,2
16.221643977403595,10.244121981396125,1.5297167683353554,6.240027338779181,1.1856055869460072,0.5550485027989819,0.2708353810666845,1.1558064592210544,1024.3351366516276,49.47527441750784,2
16.981039917946916,10.581485036209589,1.8057092271345736,6.750998582071815,1.4474109617313329,0.7463725079017063,0.26525084730120196,1.116215554707137,1742.7445861231413,60.94029061046156,2
16.14983157566582,12.430092337290333,1.656663939191511,6.659251845930339,1.9189270826485794,0.6262817128362768,0.30636052318597784,1.6885393584375716,1349.8009890528638,59.21751418586904,2
20.13172118565139,12.79266034293926,1.8476164553908196,18.85029612252886,5.458034157049064,4.536294001715409,2.089347358405238,5.9148446106588475,3024.9651332154035,1530.4113469024169,3
12.221845179419732,10.89522781290499,1.0177901193934733,1.7858113872122678,0.7737263115064698,0.11951178993354808,0.17443921617844074,0.7632033327294642,1045.3384477117702,24.768130952162252,0
21.81078404424654,16.14478062235135,4.83019181186261,19.446644244988065,6.189266855492951,2.9511968225156933,2.540992404624971,10.704405357734288,2925.196629249557,618.6369981004924,3
11.073164614375075,8.84061439235048,0.9141781021386335,2.78231879677278,0.642322975617778,0.3270456825779839,0.2327182828177029,0.8422034934405237,881.3128355838641,36.922217650469996,0
13.625051644788396,10.281688064622161,0.749486369721368,3.6901439917111123,0.47753439006183407,0.4201213922163945,0.1643577108661418,1.0298546652571352,838.7211309515613,39.102643057127736,0
12.005397946403678,11.552489954417148,1.8548627279056744,5.056771922978697,2.6041831152965713,1.2114990939423398,0.23222550294751484,1.2611922429589533,1919.7294341009433,72.36250697544564,1
19.097365882348594,11.391457355735097,1.559830573704518,5.419350446288399,1.4751235932002755,0.6910275889823506,0.30583226180312223,1.5353689788827203,1388.8392783141144,73.22069774755789,2
11.577310237777205,9.325979787398047,2.0745273827826805,5.0095182907898295,0.8573691597045282,0.6082401166499772,0.28183416399574474,1.4134939941380558,1371.3718621279909,64.1129334090869,2
25.882671550206517,13.61079926167371,5.172756845267445,12.578209987550842,7.535295966278017,3.955673776410985,2.156189105233286,9.646559831355411,4327.512337145582,1053.7679351937795,3
25.96077322723647,15.145361048658682,4.779349003905333,13.631345469127641,6.6662974909360075,1.534654202235179,1.228599242395177,5.600604943269383,5445.512874367969,664.1261756734766,3
12.393722471738247,9.184567841783023,0.9704866669592448,2.4362754471960253,0.4888904602206762,0.24231081304768512,0.1352460613968192,1.0028740130036262,878.6011155774491,34.359213692632714,0
16.976162124822224,10.898577398797428,2.2943128767288616,3.716461220673163,1.692899581072263,0.46118630609106187,0.29777825746027076,1.4238388576906498,1201.5874130294437,62.06533437903977,2
26.345577866313423,18.29896178864784,4.222289855800854,18.866499901618475,6.293222597329936,3.036178167199986,3.024906047892963,6.16735816185316,3526.1738462236167,1233.8139051652663,3
33.117859726631,11.239979932184472,2.924687606950762,12.456048230404008,8.902731060090343,3.9171526963205823,1.8424566344029456,7.348777895702992,5301.305460166848,905.6915162366317,3
21.236042500293888,10.849944412967472,1.709159543025678,7.8738763394927,2.0905107793518534,1.132251842909574,0.2920358608754285,1.5210156489339544,1490.2550184518077,95.38253882490214,1
16.715654517102262,10.90166037320525,2.1966589196971857,9.079809374792152,2.209766221953514,1.0329478708914344,0.45213160519224516,1.4888889608854763,1558.1556252510945,108.95052924245715,1
16.954043596776422,11.179894151153478,2.066770452391141,8.355851742678539,2.3611906789138857,0.8401138394461887,0.3403730090336609,1.0781047608984498,1792.9703266194915,70.56686530917429,1
16.596896396064327,11.594754341665286,1.6322350287051166,6.11343549761698,1.4020584689824078,0.4874908286226915,0.3840620026504553,1.5369614420353457,1381.8067139569603,86.10183439294639,1
26.195364566364006,17.097414252833126,3.264696539318048,22.487431424921883,4.0610619792716065,4.023614935808127,2.597381430938469,7.637101861504966,4181.856245108317,1089.9189142728976,3
18.413493711477926,11.289867613271282,1.9390705934153345,5.766152733094999,1.9291912191064047,0.6057356992440043,0.194258254525634,1.1485351422799148,1285.2846055348168,41.31617536870335,2
30.212160343409433,13.997195706228727,4.134296497247793,14.141848820359234,2.8415295872395134,2.4893738187772048,1.9248785056008704,5.543112337468475,4694.40377764352,1189.4611398783613,3
18.71636747707954,10.775366850002975,2.253995663456272,10.123022393453706,1.119595594009612,0.7265944321833355,0.32011596558728395,1.274353078322825,1684.812208892818,100.32356574229917,1
26.84580521649718,9.186023561356716,4.638660168643103,19.71326676950095,5.808517977722715,3.277367982083936,2.2223869039157975,10.505685268854968,5536.850449425117,1336.8193466760913,3
16.12331189547141,10.008607650543693,2.1654401161072285,4.6597739478812805,2.154416506299482,0.7799691847040094,0.35796331732135755,0.6890303121002289,1470.7545380312395,54.53935063586237,1
10.875424941518055,9.950773671166807,0.9517938440986535,3.021003841632759,0.35030269268868924,0.3755391225825756,0.2064610590987614,1.0206603764033044,751.4439626963028,42.790215257703395,0
15.2300961759024,11.400347827531816,1.2826908168515345,6.3753003093775416,1.3913379558695786,0.5081644898238374,0.15482666727277108,1.4559273865267452,1219.2701725684383,74.94263103359513,2
27.256616991229013,13.439601741765074,2.438506777558141,22.423601697429234,4.48410267010663,3.057002999928714,2.3015473424744166,8.928739727093149,4448.737788681026,948.576402630055,3
35.272247690231296,13.49512952529393,5.355442801105496,13.903885636454483,4.073123601450046,3.229564683441367,2.0364370490077572,8.943084760836411,5453.5194675308585,938.3154792388179,3
18.1140104345046,11.302635465239034,2.021905735989555,5.121329212362491,3.028103564970161,1.1769172611869219,0.2552678104341249,1.3392109664657856,1381.9201845114308,39.39424954507341,1
26.668558382469957,15.911808390341406,4.046002747253274,11.250622611557159,8.845933042159668,2.394588818387259,1.6359614510723395,7.977815992102796,3868.5291954242607,1278.0881370311565,3
12.174094136476343,9.806500945938954,0.8398119391146941,3.872320636720678,0.6153113926111533,0.3235614558108566,0.14447120772670857,0.6545725648350263,848.2388700963828,35.47693680750923,0
12.714225143023492,9.37142122179186,0.9324261349042093,2.400607354555978,0.3088919118799148,0.25847120860991984,0.14354741143913854,0.5329311282579797,846.9131227079679,44.254575617849646,0
15.985129896185846,12.009817089342635,1.3951794906543973,1.8179154157101802,1.119618620422091,0.8734731013632356,0.27045985898609703,1.9120975635488873,1465.875958184671,117.48876186341634,1
19.905515405045907,9.946584436826344,1.6685495412245257,6.981762006711593,2.7506668259777434,0.9910610417141023,0.46246784584695605,2.0699645804685645,1701.7450046459867,67.4646506218039,1
13.643805008750448,10.213591624518013,0.8924206948526542,2.2326524371119505,0.4501927920887243,0.07888646909921146,0.16110916562045624,0.48595505602190875,1079.4557863517787,21.104592690544692,0
12.635322691316963,9.491868187861936,1.2990426222347524,7.817915978079601,1.772820826285048,0.46975609021854503,0.19737323569182905,1.1815131085979018,1619.2326474150004,55.766252187627444,2
16.387976709647447,9.185448951076665,2.168660044769784,5.411981040121305,1.2237835790734963,0.9132664159304887,0.3221821739029318,1.1488821947534695,1302.9579134331839,45.5429013442729,2
32.63629625982359,13.584748210355947,4.441307151699246,16.862461401573963,5.832736759285584,3.549652636687133,2.129330573927694,3.6458699071142906,5372.689336482958,1007.5259805899759,3
16.059189666883277,10.860410371844827,2.2716490145181942,5.48850968101431,2.3594766553325335,0.7993251085178096,0.22008079933497462,1.8329099525868668,1297.2571214774346,97.39284384396188,1
13.026534866226712,9.042576387657068,0.6754600960358813,2.423096344337597,0.6763279513898901,0.21439161740911325,0.222213165574302,0.4678078132968018,1010.8703580582908,40.26885838994531,0
16.656403322504815,11.525315036003015,0.7583144573491463,3.33564715065252,1.6998740441211737,0.6491731759264627,0.2637471471834825,0.9173461662656184,1612.3505375049278,87.03430220774416,2
14.623657876271041,8.730510470936395,1.614238295076245,6.04919549311738,1.280177145636568,0.7644703850716326,0.2768046423267294,1.0781992697012681,905.4491283094578,45.176688456575555,2
24.149069738861552,15.946943798070457,4.184710474781084,20.011137707580776,4.067538573804693,2.9607765273295708,1.9381336599501215,7.258834475198435,3725.5633931918037,830.1121345566088,3
16.952226887044713,12.3920022863446,1.9237650818097283,6.024177183708595,1.8135834239541164,1.029727469885743,0.2975804393609084,1.4750683282113917,1923.1165647096464,62.407636704221396,1
11.531693250553328,9.719357144166995,0.5244661264085818,2.979098406035852,0.40998690570415125,0.23493574308781726,0.22067174516118507,0.4886741652952193,856.5503772567685,41.910990680199035,0
18.5927988140772,11.217432873179723,1.6535474011020463,8.635532598400575,2.27811500470033,0.7612681081440564,0.14368091913033426,1.4638856508139206,1629.35860239711,134.62600292385264,1
22.922678013813204,13.108507878606439,3.7843323624523677,17.690226157096024,5.862900663736327,2.7620142393009197,2.5147287407991787,10.003649707363873,3387.82245987723,820.5609367708025,3
29.2698130450007,13.78699322356852,3.761889563687946,13.38667038717702,8.543584316716299,3.186229394352131,1.8199803656215086,8.644164621533971,4138.440502470497,753.6736522182944,3
26.65498104527571,13.575652271647913,3.2668438028900035,24.362328290471403,4.7925502787211585,4.173232687422883,2.10636988792883,8.35695332777078,4129.648390379793,985.6372495621152,3
9.8845781420882,10.036796215317592,0.6696799304788367,2.322838288487888,0.6435084511591924,0.17889838002375433,0.178655946502629,0.4594832791524319,823.2202434895871,18.011940433799182,0
14.874526837871471,10.505439875647998,1.9850365171415805,6.3904207598743294,1.7771674492126444,0.86379307262927,0.22892414271342007,1.319860379521516,1366.2807766868525,72.99715650578071,2
21.141294907836464,11.701172742310899,2.814198311564269,7.340832444750975,2.3674388930249086,0.22554755734367016,0.19324670857457268,2.0131840117745776,1558.3766285454922,91.95966306941791,1
32.801046998955314,14.032877032306926,2.9498592603978544,18.78452583609563,5.088968350181683,3.402195845992652,1.313570274259468,9.99116302800406,4180.08075029509,1271.1006629588526,3
13.957278422329523,11.010713540486707,1.942245339514264,5.725205071919418,1.8318929671516697,0.786701937110518,0.07355471543207447,1.205975760821239,1250.0499097398633,53.048959914394636,2
26.115501392728486,11.260367320935671,4.4512253193185085,17.998745309552902,9.070293293579336,2.5731197548486664,1.7923931160473643,8.078894096481479,5148.638916473368,752.6459728104757,3
18.062745661669087,10.359316476454342,1.7489803518489864,7.589904576069933,1.133523233807503,0.36210250316430626,0.17737950558824636,1.6388689245788726,1301.3116169134862,88.08991774820224,2
28.809315185691208,12.365736160106831,4.881407528923571,23.80371019311685,6.078387735746225,3.2566285807461473,1.4284903439631358,6.435993014977926,3622.105344823147,969.5123227607104,3
14.455870261414125,9.831885678695981,1.365101624454879,7.676098223853691,1.6215274382419502,0.9931189636544963,0.16931562527390334,1.0772115632144739,1394.4093920832377,83.67044083262083,2
23.191401895695645,17.657281656496462,5.186734620177331,19.832672459154793,6.028228574610898,2.909497557987408,2.08024481198674,8.554716923929352,3920.8077346059126,1123.366755105991,3
18.343925344066395,10.982549944865875,1.7997165621693416,7.331483138810754,1.0406946844989526,0.40163130648846446,0.3519900033022978,1.5908533397080271,1301.0827505728037,88.85723825293859,2
12.34273656237994,10.453571377141214,0.7770527117066203,3.2436872114919124,0.4934610503811814,0.18702931453423818,0.28345107626446964,0.5440846066528597,967.4819492166604,48.724573282801444,0
32.61560293702299,14.283941240506028,4.695202900083999,19.031903924884723,6.627308633831958,4.303333091920756,2.023467451030185,4.427249069290626,4646.000824479371,577.6865281794344,3
10.940479592465923,9.376603140965798,0.8561983735470066,3.95042383818605,0.837428327014513,0.3830335816544245,0.2355479984101746,0.7859668577082707,959.0654830692309,37.79035826170336,0
15.81058928366135,9.970414257762712,2.009005642106303,3.8255321704522047,1.825282074699191,0.2629665999023092,0.3645093425464947,0.9878928414522963,2106.7227871585387,71.16220777778294,2
12.48392454313207,9.830115104970513,0.9908003526986405,3.8254163489880297,0.19317716585287553,0.27610519531335903,0.21399843131599103,0.6910161826382102,1044.6977884353732,42.49383683710755,0
20.315096131945033,8.500594285126427,2.279163456260861,6.969380301654009,1.930772008008113,0.7957265411303128,0.4317115067339865,1.991989358811418,1573.1382517058905,88.90211998767427,1
12.7808586636657,9.354601253043109,1.5396632034603168,5.053862118236889,1.57473977289535,0.97680907927221,0.23921780129055673,1.0194102564308494,1250.2936053523638,102.90431171900114,1
10.990344088983116,9.70452050031319,1.7735469541496711,5.074120220179615,1.6362356865601988,0.2671049440878697,0.25655964451308483,1.4213078707472477,1466.3719665171536,80.0298220713686,2
19.290124941573207,11.940771187988215,1.334383523221111,7.598585160812984,2.466295415936545,0.9386211214526289,0.4187679388461564,1.0627345501605208,1656.0322317639213,100.26170840194585,1
18.1558376574219,11.319781934142537,2.419245387225821,7.273070662165475,2.0922756515985186,0.9807869682172391,0.16540203197532513,1.7014020229351396,1578.0780392148338,104.16607694402127,1
18.673355455679918,11.597400069849858,2.2844915395926377,6.223646362917543,2.2454874758191257,0.5660166328579425,0.5062524919243145,1.7850922775920728,1593.3540018711078,111.71572649878695,1
13.330254304020746,9.307043185804615,3.1596647699908473,5.661854522680167,1.9395259256961093,0.47697363681889815,0.42171585208254964,1.3164692727284144,1487.5663946843397,112.48225439972028,1
28.07360652313375,15.316106979840264,3.6219921009817826,18.711000425072125,6.197891950157936,3.8594544101724497,2.295211030625732,10.607015863869519,5822.893814793828,522.0701415807694,3
32.33076421554829,15.901206825725078,4.900398588395063,25.044752499469496,5.666287654832602,3.400192375549256,1.325211894224234,8.848133723036902,5023.9804673773515,1017.1808402329299,3
19.431122481669366,11.281191423969375,2.3045690604535887,10.423416960284687,1.695108547840309,0.5491421153661501,0.2633175588185312,2.008515312129226,1557.015793942253,31.192227306714393,1
11.416612500413446,9.548262172941902,0.9359195497869353,3.62834550926428,0.14825210271537712,0.20956833748955914,0.2547095759235474,0.6443390549195375,871.8215391139493,39.34249738927012,0
15.076073132931938,9.392094857517282,0.5128275697641121,3.4979982912454495,0.03961576705288301,0.4676437312275283,0.09633048837959253,0.6875066448211465,820.1702755461546,33.18948342525119,0
12.657502219319369,9.763585543671564,0.9176634412969152,4.876170839215886,0.283690399277121,0.2150155630535208,0.18125895962252014,0.8918360158456874,864.070790921294,48.77362290575672,0
15.240684928058338,10.684560724574947,1.7951644208615782,3.9510664331991987,1.2136960043556992,0.6584421266056355,0.3324464468499246,1.162290572108326,1439.697456862496,92.81509340739069,2
27.0058855277022,16.03125617688791,4.554057771115907,15.086911190373549,8.079524095894266,2.1470120544806197,1.958141020075394,7.8278606144182135,4342.975478889651,690.0689002180118,3
18.80257666831118,11.691890750881665,1.8417423750092852,7.645729067630543,1.6053948861324239,0.6649439738041044,0.18721904734978373,1.1258481352325505,1202.4855450260882,52.78462915276499,2
16.8168619115058,9.221500518493002,2.4955598655190316,3.2307182066428592,1.494464901562305,0.7856157202026208,0.16866534971388022,1.3487573664588912,1425.4262852157433,92.7459108288036,2
10.963459563452705,10.041236207621594,0.5524369002346302,2.474244978319239,0.5406927271734446,0.5270692857804395,0.22446872806139592,0.9221171490567647,1004.4160877069072,39.5228864385802,0
34.81005863251842,16.216492383369935,3.1270389095462994,13.218824945603021,5.8786822532018075,4.049586990859157,2.436157690014225,7.004858323229586,4626.209151435016,679.5460519088289,3
16.524148538186566,11.072305052352995,1.0533840194557536,7.0433066363486665,1.9497413439482012,0.9084815347244313,0.2145564783097214,1.014378941865404,1571.2608698704555,93.67177086343277,2
20.98880045834142,10.246035411133324,2.6065488499895917,9.942340654987216,1.6075508434588799,0.8932859964867054,0.4615375689469442,1.2772588242905856,1862.0617492239217,89.62582487108205,1
20.1955925438455,16.78590774021754,3.3722660939154943,21.446544497991777,4.613153828432851,3.991667205153249,2.6376953689995073,8.362125485542165,4614.439015903162,1284.6891589649906,3
18.185972951781817,10.245827922595012,1.6316952825275788,6.215082701013377,1.595761800214151,0.6005063259895741,0.3212198000669207,1.0104294827781024,1358.5055674675548,66.4516706917158,2
14.077144125531754,10.532735340316577,2.1529332249293636,6.345106138787103,1.0509820775022345,0.6823325752976046,0.23388067728419856,1.3249660309350928,1712.9932433335996,59.0356558642679,2
28.57435174602064,18.659240403432175,3.7119611260779237,18.55624159461367,3.603601245606852,2.683016257518592,1.9241427832113853,10.606556074632127,5179.689590812971,745.0770059962836,3
28.9010564689902,14.80675265997022,4.231445922525572,19.601925546025313,5.318178421884833,3.179471725422466,1.928926731529727,9.32940549066622,4611.9097862713015,1303.055022092128,3
9.607586751838658,9.389658840824145,0.595122471733142,3.4017117220989412,0.5427959821468444,0.26739764678321587,0.17282876144331177,0.7807880200550701,1079.5877673095522,47.09003757588512,0
14.729649505881723,9.360834278039883,2.1133562037130385,5.654398928691349,1.3451477400841942,0.4021129208101849,0.2875414071846821,1.0075009834506357,1305.2753858268643,68.15936599606414,2
25.653874921744258,14.801811399517462,2.3314007411218047,13.89452316933643,6.21147404941809,3.7035336329099224,1.5050211037239931,8.643357082753,5283.111646845423,780.6051426557852,3
13.566134500738828,10.515693326155192,2.1162502396651077,5.892601122212899,1.0921342645231538,0.46104283050276923,0.28705478362140674,1.6212535696771273,1233.5961221366802,63.16690710964194,2
28.93609781741259,16.95062491695596,4.079597862376036,20.02386221382346,7.730385514975389,2.347699497347103,2.5958537485535325,3.8488239818429335,3273.8395520880554,1013.6206410257292,3
27.62216514223199,19.563303673077684,5.276965386088188,17.70410854562249,6.744298781044974,4.842911001683832,2.609097355877128,8.514397940711854,3860.0475946384527,504.9024457565725,3
16.459623861884236,10.937695292140168,2.328521612909205,7.003112483388769,1.705701902407134,0.6724031830813819,0.18111296718611436,1.2009239179619617,1706.7389929259884,73.78360594640016,2
15.651384310797502,12.118884975383711,2.066525000363685,5.379802258315086,0.9645576801107004,0.6420954606735204,0.25762753595530463,1.1845589500349678,1452.5946910987473,78.15219068005139,2
18.046690586348042,14.821531691557102,3.5820904542341094,21.65508648554234,6.69981796717519,4.197945346543701,2.2982205687908763,9.71602839060429,4337.980618348136,1034.3062343458107,3
10.911234550949635,10.093428546900135,0.7056136268421134,1.993982618500298,0.6290751899170295,0.2236740843457483,0.27965933133196985,0.8341730876255884,855.4497478599228,51.950466289248425,0
17.50301687232279,10.214043661751658,1.528974139065738,4.564273627657435,2.1877511624829187,0.6583738793501893,0.22583636004081087,1.0375586932879333,1018.2739725256881,89.08530250160152,2
17.26367539791657,10.973451306993102,2.157038935319724,5.464456198790086,1.4302582968388657,0.46219702327708584,0.2749046938754308,0.9800464116244864,1350.6812452707252,84.3295083735663,2
15.704556369017876,9.834281487403015,0.843291717916395,2.1027456285141684,0.09215356444797987,0.133847993773104,0.2764775159730307,0.6043254444769937,808.1348053515802,58.8115706944059,0
20.550665226340477,9.896410682784229,1.8454417678987494,10.652019427093872,1.7812708498382948,0.6379495125971238,0.25683796872819514,1.2922737060378433,1438.8259867007623,98.1410457424907,1
16.394294365318295,12.914031353866786,2.8747883715934694,7.949396465759905,1.8745834917724764,1.0955060162110524,0.27476464978737125,1.2076412085988075,1779.007662815223,92.85886189527413,1
15.129287311628012,9.970575987408322,0.8020466122039175,3.959270826085207,0.7733748534889049,0.27808994711911356,0.18142795670021045,0.994510889925346,826.9069960058081,33.47376020697609,0
12.390362959666145,10.355686654590073,2.277643761218949,6.5156818223248285,2.2970061412672473,0.5920319020473682,0.2236441770922327,0.8991997861527139,1290.7642679857086,80.98738154169703,2
13.32035691739961,10.515318221932601,2.360639437178572,4.494063941877752,1.3880959326016662,0.6316925538419209,0.1450224645254875,0.7535333770164722,1710.4453969569995,51.37359136777563,2
35.55075062936076,17.141221119958374,5.278865813313393,13.89698926543889,5.851732198141041,3.0409583215048683,2.0003414094787413,6.32615859240744,4627.570005443304,711.4883988416246,3
25.162235990289815,14.261585599105107,4.298158465990525,16.63636849061568,4.117296942039908,1.7457124597076352,2.2753987861368317,8.65821355742026,4894.92387811452,733.143637993075,3
16.380887180084304,10.6951625583268,1.1743033553155795,5.210947735998629,1.7758831220980777,0.5537275817316271,0.19783288891255515,1.3395348786296266,1189.7996807717716,67.14245341003283,2
22.851345725663002,14.398280505718347,5.667224111551136,26.344188198148455,8.987329953307102,4.369632227214314,1.9104533574919218,8.562018500563612,3814.801410072641,1101.8943577191937,3
12.901854012866318,10.347177789919865,1.7011897197016013,4.349768650542457,0.9694111486755668,0.4722890348609529,0.3664657857717413,1.2308869239888955,1053.01893571779,89.43807672794522,2
12.628494665190548,9.215660981190235,0.7526362786519982,2.689733243406544,0.5231349268585718,0.20224447552014488,0.23628833119493461,0.8300603522923755,988.9630795623438,41.86609123156358,0
14.866878977442466,10.15660446376107,1.5609959221233434,7.33529761668718,1.5101553682169642,0.479994215340353,0.31054309439895855,1.085969793131453,1330.6960738916846,53.046944129891145,2
9.343627902203139,10.206758608684835,0.6676427070463224,3.4129314542756246,0.15932351212896906,0.40062928092144406,0.13550195501294732,1.1330948888925154,998.4322398476584,42.43800713771199,0
28.561439479392188,16.04428509186787,4.030031479164082,22.762194377374385,2.095294368259052,4.065071249590723,1.8032350720151356,7.346607573627272,4640.428983662879,1228.1229126976575,3
10.321564953554724,10.732887255572379,1.0533822298373245,2.98148686400761,0.47859392800908845,0.2512393775927506,0.20069646459564733,0.8986635801761779,816.7644426895771,43.42725346377704,0
30.44086467835689,16.693541550432986,4.01249932190725,20.824315655260527,6.218281796652361,3.264681043692462,1.751533987441011,6.570638646019137,4008.5414847229645,975.8306237452248,3
10.709760490789751,9.423131917821255,0.8261481154572183,2.2269902161445336,0.38483635187106396,0.2648486515958691,0.2545753425961231,1.1624897115993857,1101.020453876635,25.692248978819517,0
15.976749197153435,9.837202380175803,1.2678745497044042,4.705836353935319,1.4062368798734712,0.5152838993743586,0.13755463846570865,0.9122464790951232,1249.292762411054,25.13296043648915,2
19.03946542769398,12.364140429973844,2.1608489030980067,5.686211442057209,2.2962634746005914,0.6543994117541732,0.3179581781939598,1.5063934946015827,1540.9039363941679,75.10194710387101,1
19.272497839205748,12.050654396007612,3.072574563886694,6.626057394029108,2.253917878144812,1.1708185132668376,0.41484457091967547,1.369354088829047,1402.5640945697633,80.55818844605746,1
14.543103355971045,9.687924646537706,2.2770030049911902,8.300591564874749,1.8549163349066968,0.5387848741259669,0.14062897548318035,1.405086003153114,1344.594475195001,66.11718399445253,2
12.648167938789591,9.925246425172938,0.547823209132991,3.3109075655980047,0.4874641805453656,0.30865897874729,0.2924478047472673,0.6153533507778192,837.6859473575236,37.5876394214367,0
